family,frame,selected_path,source,source_path
rabbit,00,docs/art-source/one-frame-method-fullrun-20260625/parent-selected/rabbit/frames/frame-00.png,main,docs/art-source/one-frame-method-fullrun-20260625/rabbit/frames/frame-00-attempt-01.png
rabbit,01,docs/art-source/one-frame-method-fullrun-20260625/parent-selected/rabbit/frames/frame-01.png,main,docs/art-source/one-frame-method-fullrun-20260625/rabbit/frames/frame-01-attempt-01.png
rabbit,02,docs/art-source/one-frame-method-fullrun-20260625/parent-selected/rabbit/frames/frame-02.png,main,docs/art-source/one-frame-method-fullrun-20260625/rabbit/frames/frame-02-attempt-01.png
rabbit,03,docs/art-source/one-frame-method-fullrun-20260625/parent-selected/rabbit/frames/frame-03.png,main,docs/art-source/one-frame-method-fullrun-20260625/rabbit/frames/frame-03-attempt-01.png
rabbit,04,docs/art-source/one-frame-method-fullrun-20260625/parent-selected/rabbit/frames/frame-04.png,main,docs/art-source/one-frame-method-fullrun-20260625/rabbit/frames/frame-04-attempt-01.png
rabbit,05,docs/art-source/one-frame-method-fullrun-20260625/parent-selected/rabbit/frames/frame-05.png,main,docs/art-source/one-frame-method-fullrun-20260625/rabbit/frames/frame-05-attempt-01.png
rabbit,06,docs/art-source/one-frame-method-fullrun-20260625/parent-selected/rabbit/frames/frame-06.png,main,docs/art-source/one-frame-method-fullrun-20260625/rabbit/frames/frame-06-attempt-01.png
rabbit,07,docs/art-source/one-frame-method-fullrun-20260625/parent-selected/rabbit/frames/frame-07.png,main,docs/art-source/one-frame-method-fullrun-20260625/rabbit/frames/frame-07-attempt-01.png
rabbit,08,docs/art-source/one-frame-method-fullrun-20260625/parent-selected/rabbit/frames/frame-08.png,main,docs/art-source/one-frame-method-fullrun-20260625/rabbit/frames/frame-08-attempt-01.png
rabbit,09,docs/art-source/one-frame-method-fullrun-20260625/parent-selected/rabbit/frames/frame-09.png,main,docs/art-source/one-frame-method-fullrun-20260625/rabbit/frames/frame-09-attempt-01.png
rabbit,10,docs/art-source/one-frame-method-fullrun-20260625/parent-selected/rabbit/frames/frame-10.png,main,docs/art-source/one-frame-method-fullrun-20260625/rabbit/frames/frame-10-attempt-01.png
rabbit,11,docs/art-source/one-frame-method-fullrun-20260625/parent-selected/rabbit/frames/frame-11.png,main,docs/art-source/one-frame-method-fullrun-20260625/rabbit/frames/frame-11-attempt-01.png
rabbit,12,docs/art-source/one-frame-method-fullrun-20260625/parent-selected/rabbit/frames/frame-12.png,main,docs/art-source/one-frame-method-fullrun-20260625/rabbit/frames/frame-12-attempt-01.png
rabbit,13,docs/art-source/one-frame-method-fullrun-20260625/parent-selected/rabbit/frames/frame-13.png,main,docs/art-source/one-frame-method-fullrun-20260625/rabbit/frames/frame-13-attempt-01.png
rabbit,14,docs/art-source/one-frame-method-fullrun-20260625/parent-selected/rabbit/frames/frame-14.png,main,docs/art-source/one-frame-method-fullrun-20260625/rabbit/frames/frame-14-attempt-01.png
rabbit,15,docs/art-source/one-frame-method-fullrun-20260625/parent-selected/rabbit/frames/frame-15.png,main,docs/art-source/one-frame-method-fullrun-20260625/rabbit/frames/frame-15-attempt-01.png
rabbit,16,docs/art-source/one-frame-method-fullrun-20260625/parent-selected/rabbit/frames/frame-16.png,main,docs/art-source/one-frame-method-fullrun-20260625/rabbit/frames/frame-16-attempt-01.png
rabbit,17,docs/art-source/one-frame-method-fullrun-20260625/parent-selected/rabbit/frames/frame-17.png,main,docs/art-source/one-frame-method-fullrun-20260625/rabbit/frames/frame-17-attempt-01.png
rabbit,18,docs/art-source/one-frame-method-fullrun-20260625/parent-selected/rabbit/frames/frame-18.png,main,docs/art-source/one-frame-method-fullrun-20260625/rabbit/frames/frame-18-attempt-01.png
rabbit,19,docs/art-source/one-frame-method-fullrun-20260625/parent-selected/rabbit/frames/frame-19.png,main,docs/art-source/one-frame-method-fullrun-20260625/rabbit/frames/frame-19-attempt-01.png
rabbit,20,docs/art-source/one-frame-method-fullrun-20260625/parent-selected/rabbit/frames/frame-20.png,main,docs/art-source/one-frame-method-fullrun-20260625/rabbit/frames/frame-20-attempt-01.png
rabbit,21,docs/art-source/one-frame-method-fullrun-20260625/parent-selected/rabbit/frames/frame-21.png,main,docs/art-source/one-frame-method-fullrun-20260625/rabbit/frames/frame-21-attempt-01.png
rabbit,22,docs/art-source/one-frame-method-fullrun-20260625/parent-selected/rabbit/frames/frame-22.png,main,docs/art-source/one-frame-method-fullrun-20260625/rabbit/frames/frame-22-attempt-01.png
rabbit,23,docs/art-source/one-frame-method-fullrun-20260625/parent-selected/rabbit/frames/frame-23.png,main,docs/art-source/one-frame-method-fullrun-20260625/rabbit/frames/frame-23-attempt-01.png
rabbit,24,docs/art-source/one-frame-method-fullrun-20260625/parent-selected/rabbit/frames/frame-24.png,main,docs/art-source/one-frame-method-fullrun-20260625/rabbit/frames/frame-24-attempt-01.png
rabbit,25,docs/art-source/one-frame-method-fullrun-20260625/parent-selected/rabbit/frames/frame-25.png,main,docs/art-source/one-frame-method-fullrun-20260625/rabbit/frames/frame-25-attempt-01.png
rabbit,26,docs/art-source/one-frame-method-fullrun-20260625/parent-selected/rabbit/frames/frame-26.png,main,docs/art-source/one-frame-method-fullrun-20260625/rabbit/frames/frame-26-attempt-01.png
rabbit,27,docs/art-source/one-frame-method-fullrun-20260625/parent-selected/rabbit/frames/frame-27.png,main,docs/art-source/one-frame-method-fullrun-20260625/rabbit/frames/frame-27-attempt-01.png
rabbit,28,docs/art-source/one-frame-method-fullrun-20260625/parent-selected/rabbit/frames/frame-28.png,main,docs/art-source/one-frame-method-fullrun-20260625/rabbit/frames/frame-28-attempt-01.png
rabbit,29,docs/art-source/one-frame-method-fullrun-20260625/parent-selected/rabbit/frames/frame-29.png,main,docs/art-source/one-frame-method-fullrun-20260625/rabbit/frames/frame-29-attempt-01.png
rabbit,30,docs/art-source/one-frame-method-fullrun-20260625/parent-selected/rabbit/frames/frame-30.png,main,docs/art-source/one-frame-method-fullrun-20260625/rabbit/frames/frame-30-attempt-01.png
rabbit,31,docs/art-source/one-frame-method-fullrun-20260625/parent-selected/rabbit/frames/frame-31.png,main,docs/art-source/one-frame-method-fullrun-20260625/rabbit/frames/frame-31-attempt-01.png
rabbit,32,docs/art-source/one-frame-method-fullrun-20260625/parent-selected/rabbit/frames/frame-32.png,main,docs/art-source/one-frame-method-fullrun-20260625/rabbit/frames/frame-32-attempt-01.png
rabbit,33,docs/art-source/one-frame-method-fullrun-20260625/parent-selected/rabbit/frames/frame-33.png,main,docs/art-source/one-frame-method-fullrun-20260625/rabbit/frames/frame-33-attempt-01.png
rabbit,34,docs/art-source/one-frame-method-fullrun-20260625/parent-selected/rabbit/frames/frame-34.png,main,docs/art-source/one-frame-method-fullrun-20260625/rabbit/frames/frame-34-attempt-01.png
rabbit,35,docs/art-source/one-frame-method-fullrun-20260625/parent-selected/rabbit/frames/frame-35.png,main,docs/art-source/one-frame-method-fullrun-20260625/rabbit/frames/frame-35-attempt-01.png
rabbit,36,docs/art-source/one-frame-method-fullrun-20260625/parent-selected/rabbit/frames/frame-36.png,main,docs/art-source/one-frame-method-fullrun-20260625/rabbit/frames/frame-36-attempt-01.png
rabbit,37,docs/art-source/one-frame-method-fullrun-20260625/parent-selected/rabbit/frames/frame-37.png,main,docs/art-source/one-frame-method-fullrun-20260625/rabbit/frames/frame-37-attempt-01.png
rabbit,38,docs/art-source/one-frame-method-fullrun-20260625/parent-selected/rabbit/frames/frame-38.png,main,docs/art-source/one-frame-method-fullrun-20260625/rabbit/frames/frame-38-attempt-01.png
rabbit,39,docs/art-source/one-frame-method-fullrun-20260625/parent-selected/rabbit/frames/frame-39.png,main,docs/art-source/one-frame-method-fullrun-20260625/rabbit/frames/frame-39-attempt-01.png
rabbit,40,docs/art-source/one-frame-method-fullrun-20260625/parent-selected/rabbit/frames/frame-40.png,main,docs/art-source/one-frame-method-fullrun-20260625/rabbit/frames/frame-40-attempt-01.png
rabbit,41,docs/art-source/one-frame-method-fullrun-20260625/parent-selected/rabbit/frames/frame-41.png,main,docs/art-source/one-frame-method-fullrun-20260625/rabbit/frames/frame-41-attempt-01.png
rabbit,42,docs/art-source/one-frame-method-fullrun-20260625/parent-selected/rabbit/frames/frame-42.png,main,docs/art-source/one-frame-method-fullrun-20260625/rabbit/frames/frame-42-attempt-01.png
rabbit,43,docs/art-source/one-frame-method-fullrun-20260625/parent-selected/rabbit/frames/frame-43.png,main,docs/art-source/one-frame-method-fullrun-20260625/rabbit/frames/frame-43-attempt-01.png
rabbit,44,docs/art-source/one-frame-method-fullrun-20260625/parent-selected/rabbit/frames/frame-44.png,main,docs/art-source/one-frame-method-fullrun-20260625/rabbit/frames/frame-44-attempt-01.png
rabbit,45,docs/art-source/one-frame-method-fullrun-20260625/parent-selected/rabbit/frames/frame-45.png,main,docs/art-source/one-frame-method-fullrun-20260625/rabbit/frames/frame-45-attempt-01.png
rabbit,46,docs/art-source/one-frame-method-fullrun-20260625/parent-selected/rabbit/frames/frame-46.png,main,docs/art-source/one-frame-method-fullrun-20260625/rabbit/frames/frame-46-attempt-01.png
rabbit,47,docs/art-source/one-frame-method-fullrun-20260625/parent-selected/rabbit/frames/frame-47.png,main,docs/art-source/one-frame-method-fullrun-20260625/rabbit/frames/frame-47-attempt-01.png
rabbit,48,docs/art-source/one-frame-method-fullrun-20260625/parent-selected/rabbit/frames/frame-48.png,main,docs/art-source/one-frame-method-fullrun-20260625/rabbit/frames/frame-48-attempt-01.png
rabbit,49,docs/art-source/one-frame-method-fullrun-20260625/parent-selected/rabbit/frames/frame-49.png,main,docs/art-source/one-frame-method-fullrun-20260625/rabbit/frames/frame-49-attempt-01.png
rabbit,50,docs/art-source/one-frame-method-fullrun-20260625/parent-selected/rabbit/frames/frame-50.png,main,docs/art-source/one-frame-method-fullrun-20260625/rabbit/frames/frame-50-attempt-01.png
rabbit,51,docs/art-source/one-frame-method-fullrun-20260625/parent-selected/rabbit/frames/frame-51.png,rescue/rabbit-40-61,docs/art-source/one-frame-method-fullrun-20260625-rescue/rabbit-40-61/frames/frame-51-attempt-02.png
rabbit,52,docs/art-source/one-frame-method-fullrun-20260625/parent-selected/rabbit/frames/frame-52.png,rescue/rabbit-40-61,docs/art-source/one-frame-method-fullrun-20260625-rescue/rabbit-40-61/frames/frame-52-attempt-01.png
rabbit,53,docs/art-source/one-frame-method-fullrun-20260625/parent-selected/rabbit/frames/frame-53.png,main,docs/art-source/one-frame-method-fullrun-20260625/rabbit/frames/frame-53-attempt-01.png
rabbit,54,docs/art-source/one-frame-method-fullrun-20260625/parent-selected/rabbit/frames/frame-54.png,main,docs/art-source/one-frame-method-fullrun-20260625/rabbit/frames/frame-54-attempt-01.png
rabbit,55,docs/art-source/one-frame-method-fullrun-20260625/parent-selected/rabbit/frames/frame-55.png,rescue/rabbit-40-61,docs/art-source/one-frame-method-fullrun-20260625-rescue/rabbit-40-61/frames/frame-55-attempt-01.png
rabbit,56,docs/art-source/one-frame-method-fullrun-20260625/parent-selected/rabbit/frames/frame-56.png,rescue/rabbit-40-61,docs/art-source/one-frame-method-fullrun-20260625-rescue/rabbit-40-61/frames/frame-56-attempt-01.png
rabbit,57,docs/art-source/one-frame-method-fullrun-20260625/parent-selected/rabbit/frames/frame-57.png,main,docs/art-source/one-frame-method-fullrun-20260625/rabbit/frames/frame-57-attempt-01.png
rabbit,58,docs/art-source/one-frame-method-fullrun-20260625/parent-selected/rabbit/frames/frame-58.png,rescue/rabbit-40-61,docs/art-source/one-frame-method-fullrun-20260625-rescue/rabbit-40-61/frames/frame-58-attempt-01.png
rabbit,59,docs/art-source/one-frame-method-fullrun-20260625/parent-selected/rabbit/frames/frame-59.png,rescue/rabbit-40-61,docs/art-source/one-frame-method-fullrun-20260625-rescue/rabbit-40-61/frames/frame-59-attempt-02.png
rabbit,60,docs/art-source/one-frame-method-fullrun-20260625/parent-selected/rabbit/frames/frame-60.png,main,docs/art-source/one-frame-method-fullrun-20260625/rabbit/frames/frame-60-attempt-01.png
rabbit,61,docs/art-source/one-frame-method-fullrun-20260625/parent-selected/rabbit/frames/frame-61.png,main,docs/art-source/one-frame-method-fullrun-20260625/rabbit/frames/frame-61-attempt-01.png
