frame,attempt,source_path,raw_path,mtime_ns
00,01,/Users/kyota/.codex/generated_images/019efb9a-b711-77f2-b098-5dce8ddc678d/ig_0a358dcbebe261c7016a3daa0d9fe081918953905087ce21b9.png,docs/art-source/one-frame-method-fullrun-20260626/gecko-set00-oneframe-62/raw/frame-00-attempt-01-raw.png,1782426157881727614
01,01,/Users/kyota/.codex/generated_images/019efb9a-b711-77f2-b098-5dce8ddc678d/ig_0a358dcbebe261c7016a3daa2dc4d0819191bf95c375fbd910.png,docs/art-source/one-frame-method-fullrun-20260626/gecko-set00-oneframe-62/raw/frame-01-attempt-01-raw.png,1782426195782406326
02,01,/Users/kyota/.codex/generated_images/019efb9a-b711-77f2-b098-5dce8ddc678d/ig_0a358dcbebe261c7016a3daa53ad388191b5c031026c687ac3.png,docs/art-source/one-frame-method-fullrun-20260626/gecko-set00-oneframe-62/raw/frame-02-attempt-01-raw.png,1782426232322911208
03,01,/Users/kyota/.codex/generated_images/019efb9a-b711-77f2-b098-5dce8ddc678d/ig_0a358dcbebe261c7016a3daa78350081918d5ef9c02a175cd3.png,docs/art-source/one-frame-method-fullrun-20260626/gecko-set00-oneframe-62/raw/frame-03-attempt-01-raw.png,1782426270362285182
04,01,/Users/kyota/.codex/generated_images/019efb9a-b711-77f2-b098-5dce8ddc678d/ig_0a358dcbebe261c7016a3daa9e4428819183b1473663e56391.png,docs/art-source/one-frame-method-fullrun-20260626/gecko-set00-oneframe-62/raw/frame-04-attempt-01-raw.png,1782426306946354461
05,01,/Users/kyota/.codex/generated_images/019efb9a-b711-77f2-b098-5dce8ddc678d/ig_0a358dcbebe261c7016a3daac2d3fc8191ae45f0f7fd0b871e.png,docs/art-source/one-frame-method-fullrun-20260626/gecko-set00-oneframe-62/raw/frame-05-attempt-01-raw.png,1782426344146356352
06,01,/Users/kyota/.codex/generated_images/019efb9a-b711-77f2-b098-5dce8ddc678d/ig_0a358dcbebe261c7016a3daae805f48191a143bc83e65df3dd.png,docs/art-source/one-frame-method-fullrun-20260626/gecko-set00-oneframe-62/raw/frame-06-attempt-01-raw.png,1782426386504505647
07,01,/Users/kyota/.codex/generated_images/019efb9a-b711-77f2-b098-5dce8ddc678d/ig_0a358dcbebe261c7016a3dab1257e48191963113fe9aa3fa49.png,docs/art-source/one-frame-method-fullrun-20260626/gecko-set00-oneframe-62/raw/frame-07-attempt-01-raw.png,1782426425921106133
08,01,/Users/kyota/.codex/generated_images/019efb9a-b711-77f2-b098-5dce8ddc678d/ig_0a358dcbebe261c7016a3dab39ccd88191b11bc061c4ba716d.png,docs/art-source/one-frame-method-fullrun-20260626/gecko-set00-oneframe-62/raw/frame-08-attempt-01-raw.png,1782426469839686729
09,01,/Users/kyota/.codex/generated_images/019efb9a-b711-77f2-b098-5dce8ddc678d/ig_0a358dcbebe261c7016a3dab65ba8c819186b5aa90d0c8433f.png,docs/art-source/one-frame-method-fullrun-20260626/gecko-set00-oneframe-62/raw/frame-09-attempt-01-raw.png,1782426513288262661
10,01,/Users/kyota/.codex/generated_images/019efb9a-b711-77f2-b098-5dce8ddc678d/ig_0a358dcbebe261c7016a3dab95416c8191b1eb4befba855f0f.png,docs/art-source/one-frame-method-fullrun-20260626/gecko-set00-oneframe-62/raw/frame-10-attempt-01-raw.png,1782426562930734296
11,01,/Users/kyota/.codex/generated_images/019efb9a-b711-77f2-b098-5dce8ddc678d/ig_0a358dcbebe261c7016a3dabc2d5988191931c7cb18e490542.png,docs/art-source/one-frame-method-fullrun-20260626/gecko-set00-oneframe-62/raw/frame-11-attempt-01-raw.png,1782426613196817199
12,01,/Users/kyota/.codex/generated_images/019efb9a-b711-77f2-b098-5dce8ddc678d/ig_0a358dcbebe261c7016a3dabf514f08191805e49c75606bba6.png,docs/art-source/one-frame-method-fullrun-20260626/gecko-set00-oneframe-62/raw/frame-12-attempt-01-raw.png,1782426657440896036
13,01,/Users/kyota/.codex/generated_images/019efb9a-b711-77f2-b098-5dce8ddc678d/ig_0a358dcbebe261c7016a3dac2157748191b4d29c6bd146bb56.png,docs/art-source/one-frame-method-fullrun-20260626/gecko-set00-oneframe-62/raw/frame-13-attempt-01-raw.png,1782426702490468489
14,01,/Users/kyota/.codex/generated_images/019efb9a-b711-77f2-b098-5dce8ddc678d/ig_0a358dcbebe261c7016a3dac4e635481919f91249c08b8c190.png,docs/art-source/one-frame-method-fullrun-20260626/gecko-set00-oneframe-62/raw/frame-14-attempt-01-raw.png,1782426751132452138
15,01,/Users/kyota/.codex/generated_images/019efb9a-b711-77f2-b098-5dce8ddc678d/ig_0a358dcbebe261c7016a3dac7ed97c8191a7347e487a5fb4cb.png,docs/art-source/one-frame-method-fullrun-20260626/gecko-set00-oneframe-62/raw/frame-15-attempt-01-raw.png,1782426799642241972
16,01,/Users/kyota/.codex/generated_images/019efb9a-b711-77f2-b098-5dce8ddc678d/ig_0a358dcbebe261c7016a3dacb56bc08191b8d988c54153a0a8.png,docs/art-source/one-frame-method-fullrun-20260626/gecko-set00-oneframe-62/raw/frame-16-attempt-01-raw.png,1782426855519788496
17,01,/Users/kyota/.codex/generated_images/019efb9a-b711-77f2-b098-5dce8ddc678d/ig_0a358dcbebe261c7016a3dace6de408191a4e2cfe91e94485c.png,docs/art-source/one-frame-method-fullrun-20260626/gecko-set00-oneframe-62/raw/frame-17-attempt-01-raw.png,1782426906968421610
18,01,/Users/kyota/.codex/generated_images/019efb9a-b711-77f2-b098-5dce8ddc678d/ig_0a358dcbebe261c7016a3dad1aa70081919f6bf15c6ac31c06.png,docs/art-source/one-frame-method-fullrun-20260626/gecko-set00-oneframe-62/raw/frame-18-attempt-01-raw.png,1782426961160195234
19,01,/Users/kyota/.codex/generated_images/019efb9a-b711-77f2-b098-5dce8ddc678d/ig_0a358dcbebe261c7016a3dad50e210819195978583a341d1a2.png,docs/art-source/one-frame-method-fullrun-20260626/gecko-set00-oneframe-62/raw/frame-19-attempt-01-raw.png,1782427013477489421
20,01,/Users/kyota/.codex/generated_images/019efb9a-b711-77f2-b098-5dce8ddc678d/ig_0fa54353f9cbb504016a3dad8f745c8191a00f4ec63db655fc.png,docs/art-source/one-frame-method-fullrun-20260626/gecko-set00-oneframe-62/raw/frame-20-attempt-01-raw.png,1782427070239440814
21,01,/Users/kyota/.codex/generated_images/019efb9a-b711-77f2-b098-5dce8ddc678d/ig_0fa54353f9cbb504016a3dadc036708191a66a3bc350f0f688.png,docs/art-source/one-frame-method-fullrun-20260626/gecko-set00-oneframe-62/raw/frame-21-attempt-01-raw.png,1782427104442648273
22,01,/Users/kyota/.codex/generated_images/019efb9a-b711-77f2-b098-5dce8ddc678d/ig_0fa54353f9cbb504016a3dade04b288191b490759b5090c28e.png,docs/art-source/one-frame-method-fullrun-20260626/gecko-set00-oneframe-62/raw/frame-22-attempt-01-raw.png,1782427137632916678
23,01,/Users/kyota/.codex/generated_images/019efb9a-b711-77f2-b098-5dce8ddc678d/ig_0fa54353f9cbb504016a3dae0172348191a28f214a312454c4.png,docs/art-source/one-frame-method-fullrun-20260626/gecko-set00-oneframe-62/raw/frame-23-attempt-01-raw.png,1782427186440875463
24,01,/Users/kyota/.codex/generated_images/019efb9a-b711-77f2-b098-5dce8ddc678d/ig_0fa54353f9cbb504016a3dae324d6481919966242e0459708e.png,docs/art-source/one-frame-method-fullrun-20260626/gecko-set00-oneframe-62/raw/frame-24-attempt-01-raw.png,1782427234093326696
25,01,/Users/kyota/.codex/generated_images/019efb9a-b711-77f2-b098-5dce8ddc678d/ig_0fa54353f9cbb504016a3dae61d9f081918f346a6e8b1f8605.png,docs/art-source/one-frame-method-fullrun-20260626/gecko-set00-oneframe-62/raw/frame-25-attempt-01-raw.png,1782427283017346448
26,01,/Users/kyota/.codex/generated_images/019efb9a-b711-77f2-b098-5dce8ddc678d/ig_0fa54353f9cbb504016a3dae92dd588191a6d225726abbc106.png,docs/art-source/one-frame-method-fullrun-20260626/gecko-set00-oneframe-62/raw/frame-26-attempt-01-raw.png,1782427335482592721
27,01,/Users/kyota/.codex/generated_images/019efb9a-b711-77f2-b098-5dce8ddc678d/ig_0fa54353f9cbb504016a3daec73aa48191a807f2993cab4eca.png,docs/art-source/one-frame-method-fullrun-20260626/gecko-set00-oneframe-62/raw/frame-27-attempt-01-raw.png,1782427377957392426
28,01,/Users/kyota/.codex/generated_images/019efb9a-b711-77f2-b098-5dce8ddc678d/ig_0fa54353f9cbb504016a3daef2d27c8191916dab19c1e4fd1d.png,docs/art-source/one-frame-method-fullrun-20260626/gecko-set00-oneframe-62/raw/frame-28-attempt-01-raw.png,1782427427311343533
29,01,/Users/kyota/.codex/generated_images/019efb9a-b711-77f2-b098-5dce8ddc678d/ig_0fa54353f9cbb504016a3daf232c6c8191ac0b0cc5c9bc0267.png,docs/art-source/one-frame-method-fullrun-20260626/gecko-set00-oneframe-62/raw/frame-29-attempt-01-raw.png,1782427477569492473
30,01,/Users/kyota/.codex/generated_images/019efb9a-b711-77f2-b098-5dce8ddc678d/ig_0fa54353f9cbb504016a3daf55767081919191ccc2be31cbea.png,docs/art-source/one-frame-method-fullrun-20260626/gecko-set00-oneframe-62/raw/frame-30-attempt-01-raw.png,1782427526537726843
31,01,/Users/kyota/.codex/generated_images/019efb9a-b711-77f2-b098-5dce8ddc678d/ig_0fa54353f9cbb504016a3daf8656a48191b05d67d71a715166.png,docs/art-source/one-frame-method-fullrun-20260626/gecko-set00-oneframe-62/raw/frame-31-attempt-01-raw.png,1782427578257389001
32,01,/Users/kyota/.codex/generated_images/019efb9a-b711-77f2-b098-5dce8ddc678d/ig_0fa54353f9cbb504016a3dafbdab548191a6e5c864f19a5acf.png,docs/art-source/one-frame-method-fullrun-20260626/gecko-set00-oneframe-62/raw/frame-32-attempt-01-raw.png,1782427641728244117
33,01,/Users/kyota/.codex/generated_images/019efb9a-b711-77f2-b098-5dce8ddc678d/ig_0fa54353f9cbb504016a3daffa0af08191a8c23e77946a7445.png,docs/art-source/one-frame-method-fullrun-20260626/gecko-set00-oneframe-62/raw/frame-33-attempt-01-raw.png,1782427698562107707
34,01,/Users/kyota/.codex/generated_images/019efb9a-b711-77f2-b098-5dce8ddc678d/ig_0fa54353f9cbb504016a3db03259648191ba1f9641ed4c2443.png,docs/art-source/one-frame-method-fullrun-20260626/gecko-set00-oneframe-62/raw/frame-34-attempt-01-raw.png,1782427755197262231
35,01,/Users/kyota/.codex/generated_images/019efb9a-b711-77f2-b098-5dce8ddc678d/ig_0fa54353f9cbb504016a3db06b00808191a6ba09e95d748502.png,docs/art-source/one-frame-method-fullrun-20260626/gecko-set00-oneframe-62/raw/frame-35-attempt-01-raw.png,1782427798030298084
36,01,/Users/kyota/.codex/generated_images/019efb9a-b711-77f2-b098-5dce8ddc678d/ig_0fa54353f9cbb504016a3db09595c08191a1865e63513d4273.png,docs/art-source/one-frame-method-fullrun-20260626/gecko-set00-oneframe-62/raw/frame-36-attempt-01-raw.png,1782427845511988502
37,01,/Users/kyota/.codex/generated_images/019efb9a-b711-77f2-b098-5dce8ddc678d/ig_0fa54353f9cbb504016a3db0c546ac8191a3daf588b89feadb.png,docs/art-source/one-frame-method-fullrun-20260626/gecko-set00-oneframe-62/raw/frame-37-attempt-01-raw.png,1782427894109815696
38,01,/Users/kyota/.codex/generated_images/019efb9a-b711-77f2-b098-5dce8ddc678d/ig_00a58237dc671f13016a3db1283e6881918472ceb9c50637ce.png,docs/art-source/one-frame-method-fullrun-20260626/gecko-set00-oneframe-62/raw/frame-38-attempt-01-raw.png,1782427983248235874
39,01,/Users/kyota/.codex/generated_images/019efb9a-b711-77f2-b098-5dce8ddc678d/ig_00a58237dc671f13016a3db15002f88191a0653761a1c696b7.png,docs/art-source/one-frame-method-fullrun-20260626/gecko-set00-oneframe-62/raw/frame-39-attempt-01-raw.png,1782428024336337370
40,01,/Users/kyota/.codex/generated_images/019efb9a-b711-77f2-b098-5dce8ddc678d/ig_00a58237dc671f13016a3db178b4648191b602e23916b090fe.png,docs/art-source/one-frame-method-fullrun-20260626/gecko-set00-oneframe-62/raw/frame-40-attempt-01-raw.png,1782428081823116255
41,01,/Users/kyota/.codex/generated_images/019efb9a-b711-77f2-b098-5dce8ddc678d/ig_00a58237dc671f13016a3db1b17f908191b7e3ef4dd180979d.png,docs/art-source/one-frame-method-fullrun-20260626/gecko-set00-oneframe-62/raw/frame-41-attempt-01-raw.png,1782428136158356875
42,01,/Users/kyota/.codex/generated_images/019efb9a-b711-77f2-b098-5dce8ddc678d/ig_00a58237dc671f13016a3db1e7dc888191a5aeec83ae2bb5b9.png,docs/art-source/one-frame-method-fullrun-20260626/gecko-set00-oneframe-62/raw/frame-42-attempt-01-raw.png,1782428183121036332
43,01,/Users/kyota/.codex/generated_images/019efb9a-b711-77f2-b098-5dce8ddc678d/ig_00a58237dc671f13016a3db216cbf0819197d2d7cf2f287ef3.png,docs/art-source/one-frame-method-fullrun-20260626/gecko-set00-oneframe-62/raw/frame-43-attempt-01-raw.png,1782428233734643328
44,01,/Users/kyota/.codex/generated_images/019efb9a-b711-77f2-b098-5dce8ddc678d/ig_00a58237dc671f13016a3db24965ac8191bb8b954eb19377f2.png,docs/art-source/one-frame-method-fullrun-20260626/gecko-set00-oneframe-62/raw/frame-44-attempt-01-raw.png,1782428286878163359
45,01,/Users/kyota/.codex/generated_images/019efb9a-b711-77f2-b098-5dce8ddc678d/ig_00a58237dc671f13016a3db2803be88191bfbc5a64153fcb43.png,docs/art-source/one-frame-method-fullrun-20260626/gecko-set00-oneframe-62/raw/frame-45-attempt-01-raw.png,1782428349878948832
46,01,/Users/kyota/.codex/generated_images/019efb9a-b711-77f2-b098-5dce8ddc678d/ig_00a58237dc671f13016a3db2bd7a5c819195b160825d247ed0.png,docs/art-source/one-frame-method-fullrun-20260626/gecko-set00-oneframe-62/raw/frame-46-attempt-01-raw.png,1782428406324286373
47,01,/Users/kyota/.codex/generated_images/019efb9a-b711-77f2-b098-5dce8ddc678d/ig_00a58237dc671f13016a3db2f5ff288191aef12ac84bd4f178.png,docs/art-source/one-frame-method-fullrun-20260626/gecko-set00-oneframe-62/raw/frame-47-attempt-01-raw.png,1782428453088947483
48,01,/Users/kyota/.codex/generated_images/019efb9a-b711-77f2-b098-5dce8ddc678d/ig_00a58237dc671f13016a3db3272aec81919d35fbd1cab7873a.png,docs/art-source/one-frame-method-fullrun-20260626/gecko-set00-oneframe-62/raw/frame-48-attempt-01-raw.png,1782428516802262463
49,01,/Users/kyota/.codex/generated_images/019efb9a-b711-77f2-b098-5dce8ddc678d/ig_00a58237dc671f13016a3db3646ba081919e9ff3d34fe6fcd5.png,docs/art-source/one-frame-method-fullrun-20260626/gecko-set00-oneframe-62/raw/frame-49-attempt-01-raw.png,1782428575792323989
50,01,/Users/kyota/.codex/generated_images/019efb9a-b711-77f2-b098-5dce8ddc678d/ig_00a58237dc671f13016a3db39f73248191b2e0969e6f4c498e.png,docs/art-source/one-frame-method-fullrun-20260626/gecko-set00-oneframe-62/raw/frame-50-attempt-01-raw.png,1782428623610423624
51,01,/Users/kyota/.codex/generated_images/019efb9a-b711-77f2-b098-5dce8ddc678d/ig_00a58237dc671f13016a3db3cf40148191a632cab0045816a7.png,docs/art-source/one-frame-method-fullrun-20260626/gecko-set00-oneframe-62/raw/frame-51-attempt-01-raw.png,1782428684447299468
52,01,/Users/kyota/.codex/generated_images/019efb9a-b711-77f2-b098-5dce8ddc678d/ig_00a58237dc671f13016a3db40d2cd08191bc88fdcc38e7242b.png,docs/art-source/one-frame-method-fullrun-20260626/gecko-set00-oneframe-62/raw/frame-52-attempt-01-raw.png,1782428739946828576
53,01,/Users/kyota/.codex/generated_images/019efb9a-b711-77f2-b098-5dce8ddc678d/ig_00a58237dc671f13016a3db44452588191a003fbe3aaea06f4.png,docs/art-source/one-frame-method-fullrun-20260626/gecko-set00-oneframe-62/raw/frame-53-attempt-01-raw.png,1782428793518439545
54,01,/Users/kyota/.codex/generated_images/019efb9a-b711-77f2-b098-5dce8ddc678d/ig_0f2b089daa00e835016a3db4b476188191982948b2af0e0c9a.png,docs/art-source/one-frame-method-fullrun-20260626/gecko-set00-oneframe-62/raw/frame-54-attempt-01-raw.png,1782428898803201886
55,01,/Users/kyota/.codex/generated_images/019efb9a-b711-77f2-b098-5dce8ddc678d/ig_0f2b089daa00e835016a3db4e2d94c81918f394f91a1636230.png,docs/art-source/one-frame-method-fullrun-20260626/gecko-set00-oneframe-62/raw/frame-55-attempt-01-raw.png,1782428957948046785
56,01,/Users/kyota/.codex/generated_images/019efb9a-b711-77f2-b098-5dce8ddc678d/ig_0f2b089daa00e835016a3db51eabfc81919871dcdbd504741d.png,docs/art-source/one-frame-method-fullrun-20260626/gecko-set00-oneframe-62/raw/frame-56-attempt-01-raw.png,1782429001781669044
57,01,/Users/kyota/.codex/generated_images/019efb9a-b711-77f2-b098-5dce8ddc678d/ig_0f2b089daa00e835016a3db549f54481919491822ab6d83a13.png,docs/art-source/one-frame-method-fullrun-20260626/gecko-set00-oneframe-62/raw/frame-57-attempt-01-raw.png,1782429038778097199
58,01,/Users/kyota/.codex/generated_images/019efb9a-b711-77f2-b098-5dce8ddc678d/ig_0f2b089daa00e835016a3db56e86c88191bb003e89719777fa.png,docs/art-source/one-frame-method-fullrun-20260626/gecko-set00-oneframe-62/raw/frame-58-attempt-01-raw.png,1782429093311275340
59,01,/Users/kyota/.codex/generated_images/019efb9a-b711-77f2-b098-5dce8ddc678d/ig_0f2b089daa00e835016a3db5a50f188191b3a70989f406a00b.png,docs/art-source/one-frame-method-fullrun-20260626/gecko-set00-oneframe-62/raw/frame-59-attempt-01-raw.png,1782429143999525765
60,01,/Users/kyota/.codex/generated_images/019efb9a-b711-77f2-b098-5dce8ddc678d/ig_0f2b089daa00e835016a3db5d7ac688191a6d509c834fdcbee.png,docs/art-source/one-frame-method-fullrun-20260626/gecko-set00-oneframe-62/raw/frame-60-attempt-01-raw.png,1782429194095895977
61,01,/Users/kyota/.codex/generated_images/019efb9a-b711-77f2-b098-5dce8ddc678d/ig_0f2b089daa00e835016a3db609dfc881918e17a3ad250b3801.png,docs/art-source/one-frame-method-fullrun-20260626/gecko-set00-oneframe-62/raw/frame-61-attempt-01-raw.png,1782429242592218107
