timestamp_utc,frame,pose,attempt,source_path,raw_path,alpha_path,frame_path,contact_path,qa_json_path,prompt_path,decision,notes
2026-06-24T23:37:13.626545+00:00,00,"neutral crouched perch stance, side view",1,/Users/kyota/.codex/generated_images/019efbfb-45fb-70b1-94a2-4c1ec2ce71c7/ig_0f6bc69af18d8157016a3c69de97648191b055645d64e3419f.png,docs/art-source/one-frame-method-fullrun-20260625/sugar-glider/raw/frame-00-attempt-01-raw.png,docs/art-source/one-frame-method-fullrun-20260625/sugar-glider/alpha/frame-00-attempt-01-alpha.png,docs/art-source/one-frame-method-fullrun-20260625/sugar-glider/frames/frame-00-attempt-01.png,docs/art-source/one-frame-method-fullrun-20260625/sugar-glider/contact/frame-00-attempt-01-contact.png,docs/art-source/one-frame-method-fullrun-20260625/sugar-glider/qa/frame-00-attempt-01-qa.json,docs/art-source/one-frame-method-fullrun-20260625/sugar-glider/prompts/frame-00-attempt-01-prompt.txt,accepted,
2026-06-24T23:38:17.632103+00:00,01,"idle slight breathing lift, side-facing crouch",1,/Users/kyota/.codex/generated_images/019efbfb-45fb-70b1-94a2-4c1ec2ce71c7/ig_0e2a85f8925a47e0016a3c6a3fd13c8191b6d33f71e2fe6e7a.png,docs/art-source/one-frame-method-fullrun-20260625/sugar-glider/raw/frame-01-attempt-01-raw.png,docs/art-source/one-frame-method-fullrun-20260625/sugar-glider/alpha/frame-01-attempt-01-alpha.png,docs/art-source/one-frame-method-fullrun-20260625/sugar-glider/frames/frame-01-attempt-01.png,docs/art-source/one-frame-method-fullrun-20260625/sugar-glider/contact/frame-01-attempt-01-contact.png,docs/art-source/one-frame-method-fullrun-20260625/sugar-glider/qa/frame-01-attempt-01-qa.json,docs/art-source/one-frame-method-fullrun-20260625/sugar-glider/prompts/frame-01-attempt-01-prompt.txt,accepted,
2026-06-24T23:39:14.069652+00:00,02,"idle soft blink, side-facing crouch",1,/Users/kyota/.codex/generated_images/019efbfb-45fb-70b1-94a2-4c1ec2ce71c7/ig_0609cb35452f3431016a3c6a6ff8008191a6a2dd0f56991dfc.png,docs/art-source/one-frame-method-fullrun-20260625/sugar-glider/raw/frame-02-attempt-01-raw.png,docs/art-source/one-frame-method-fullrun-20260625/sugar-glider/alpha/frame-02-attempt-01-alpha.png,docs/art-source/one-frame-method-fullrun-20260625/sugar-glider/frames/frame-02-attempt-01.png,docs/art-source/one-frame-method-fullrun-20260625/sugar-glider/contact/frame-02-attempt-01-contact.png,docs/art-source/one-frame-method-fullrun-20260625/sugar-glider/qa/frame-02-attempt-01-qa.json,docs/art-source/one-frame-method-fullrun-20260625/sugar-glider/prompts/frame-02-attempt-01-prompt.txt,accepted,
2026-06-24T23:40:10.493025+00:00,03,tiny head tilt while crouched in side view,1,/Users/kyota/.codex/generated_images/019efbfb-45fb-70b1-94a2-4c1ec2ce71c7/ig_01d4c521ffec91af016a3c6aad1af4819184c0455a93245548.png,docs/art-source/one-frame-method-fullrun-20260625/sugar-glider/raw/frame-03-attempt-01-raw.png,docs/art-source/one-frame-method-fullrun-20260625/sugar-glider/alpha/frame-03-attempt-01-alpha.png,docs/art-source/one-frame-method-fullrun-20260625/sugar-glider/frames/frame-03-attempt-01.png,docs/art-source/one-frame-method-fullrun-20260625/sugar-glider/contact/frame-03-attempt-01-contact.png,docs/art-source/one-frame-method-fullrun-20260625/sugar-glider/qa/frame-03-attempt-01-qa.json,docs/art-source/one-frame-method-fullrun-20260625/sugar-glider/prompts/frame-03-attempt-01-prompt.txt,accepted,
2026-06-24T23:41:04.975879+00:00,04,"walk step A, forepaw reaching forward",1,/Users/kyota/.codex/generated_images/019efbfb-45fb-70b1-94a2-4c1ec2ce71c7/ig_0fbf95dcc84eda53016a3c6ae2cda88191ba5b8cbb5fed2e31.png,docs/art-source/one-frame-method-fullrun-20260625/sugar-glider/raw/frame-04-attempt-01-raw.png,docs/art-source/one-frame-method-fullrun-20260625/sugar-glider/alpha/frame-04-attempt-01-alpha.png,docs/art-source/one-frame-method-fullrun-20260625/sugar-glider/frames/frame-04-attempt-01.png,docs/art-source/one-frame-method-fullrun-20260625/sugar-glider/contact/frame-04-attempt-01-contact.png,docs/art-source/one-frame-method-fullrun-20260625/sugar-glider/qa/frame-04-attempt-01-qa.json,docs/art-source/one-frame-method-fullrun-20260625/sugar-glider/prompts/frame-04-attempt-01-prompt.txt,accepted,
2026-06-24T23:41:56.182582+00:00,05,"walk step B, opposite paws moving",1,/Users/kyota/.codex/generated_images/019efbfb-45fb-70b1-94a2-4c1ec2ce71c7/ig_0c2ead5ce51b69cb016a3c6b18e9d88191b710ae638dd1c184.png,docs/art-source/one-frame-method-fullrun-20260625/sugar-glider/raw/frame-05-attempt-01-raw.png,docs/art-source/one-frame-method-fullrun-20260625/sugar-glider/alpha/frame-05-attempt-01-alpha.png,docs/art-source/one-frame-method-fullrun-20260625/sugar-glider/frames/frame-05-attempt-01.png,docs/art-source/one-frame-method-fullrun-20260625/sugar-glider/contact/frame-05-attempt-01-contact.png,docs/art-source/one-frame-method-fullrun-20260625/sugar-glider/qa/frame-05-attempt-01-qa.json,docs/art-source/one-frame-method-fullrun-20260625/sugar-glider/prompts/frame-05-attempt-01-prompt.txt,accepted,
2026-06-24T23:47:04.781923+00:00,06,"walk step C, hind foot pushing back",1,/Users/kyota/.codex/generated_images/019efbfb-45fb-70b1-94a2-4c1ec2ce71c7/ig_0cabaaade995c5d5016a3c6b5348e08191a1c533db5be5d32c.png,docs/art-source/one-frame-method-fullrun-20260625/sugar-glider/raw/frame-06-attempt-01-raw.png,docs/art-source/one-frame-method-fullrun-20260625/sugar-glider/alpha/frame-06-attempt-01-alpha.png,docs/art-source/one-frame-method-fullrun-20260625/sugar-glider/frames/frame-06-attempt-01.png,docs/art-source/one-frame-method-fullrun-20260625/sugar-glider/contact/frame-06-attempt-01-contact.png,docs/art-source/one-frame-method-fullrun-20260625/sugar-glider/qa/frame-06-attempt-01-qa.json,docs/art-source/one-frame-method-fullrun-20260625/sugar-glider/prompts/frame-06-attempt-01-prompt.txt,accepted,
2026-06-24T23:47:08.922180+00:00,07,"walk step D, forepaw planted and hind paw lifting",1,/Users/kyota/.codex/generated_images/019efbfb-45fb-70b1-94a2-4c1ec2ce71c7/ig_0cabaaade995c5d5016a3c6b7b5810819187d2dbe637b59e40.png,docs/art-source/one-frame-method-fullrun-20260625/sugar-glider/raw/frame-07-attempt-01-raw.png,docs/art-source/one-frame-method-fullrun-20260625/sugar-glider/alpha/frame-07-attempt-01-alpha.png,docs/art-source/one-frame-method-fullrun-20260625/sugar-glider/frames/frame-07-attempt-01.png,docs/art-source/one-frame-method-fullrun-20260625/sugar-glider/contact/frame-07-attempt-01-contact.png,docs/art-source/one-frame-method-fullrun-20260625/sugar-glider/qa/frame-07-attempt-01-qa.json,docs/art-source/one-frame-method-fullrun-20260625/sugar-glider/prompts/frame-07-attempt-01-prompt.txt,accepted,
2026-06-24T23:47:13.731300+00:00,08,"quick skitter step A, compact low body",1,/Users/kyota/.codex/generated_images/019efbfb-45fb-70b1-94a2-4c1ec2ce71c7/ig_0cabaaade995c5d5016a3c6ba9ee988191b0da09d7d19017a5.png,docs/art-source/one-frame-method-fullrun-20260625/sugar-glider/raw/frame-08-attempt-01-raw.png,docs/art-source/one-frame-method-fullrun-20260625/sugar-glider/alpha/frame-08-attempt-01-alpha.png,docs/art-source/one-frame-method-fullrun-20260625/sugar-glider/frames/frame-08-attempt-01.png,docs/art-source/one-frame-method-fullrun-20260625/sugar-glider/contact/frame-08-attempt-01-contact.png,docs/art-source/one-frame-method-fullrun-20260625/sugar-glider/qa/frame-08-attempt-01-qa.json,docs/art-source/one-frame-method-fullrun-20260625/sugar-glider/prompts/frame-08-attempt-01-prompt.txt,accepted,
2026-06-24T23:47:18.199553+00:00,09,"quick skitter step B, hind paw tucked under body",1,/Users/kyota/.codex/generated_images/019efbfb-45fb-70b1-94a2-4c1ec2ce71c7/ig_0cabaaade995c5d5016a3c6bd369b08191bec64f6b80bb215e.png,docs/art-source/one-frame-method-fullrun-20260625/sugar-glider/raw/frame-09-attempt-01-raw.png,docs/art-source/one-frame-method-fullrun-20260625/sugar-glider/alpha/frame-09-attempt-01-alpha.png,docs/art-source/one-frame-method-fullrun-20260625/sugar-glider/frames/frame-09-attempt-01.png,docs/art-source/one-frame-method-fullrun-20260625/sugar-glider/contact/frame-09-attempt-01-contact.png,docs/art-source/one-frame-method-fullrun-20260625/sugar-glider/qa/frame-09-attempt-01-qa.json,docs/art-source/one-frame-method-fullrun-20260625/sugar-glider/prompts/frame-09-attempt-01-prompt.txt,accepted,
2026-06-24T23:47:22.468185+00:00,10,"quick skitter step C, forepaws stretched low",1,/Users/kyota/.codex/generated_images/019efbfb-45fb-70b1-94a2-4c1ec2ce71c7/ig_0cabaaade995c5d5016a3c6c01bad48191a71c9b6154072a2f.png,docs/art-source/one-frame-method-fullrun-20260625/sugar-glider/raw/frame-10-attempt-01-raw.png,docs/art-source/one-frame-method-fullrun-20260625/sugar-glider/alpha/frame-10-attempt-01-alpha.png,docs/art-source/one-frame-method-fullrun-20260625/sugar-glider/frames/frame-10-attempt-01.png,docs/art-source/one-frame-method-fullrun-20260625/sugar-glider/contact/frame-10-attempt-01-contact.png,docs/art-source/one-frame-method-fullrun-20260625/sugar-glider/qa/frame-10-attempt-01-qa.json,docs/art-source/one-frame-method-fullrun-20260625/sugar-glider/prompts/frame-10-attempt-01-prompt.txt,accepted,
2026-06-24T23:47:26.965285+00:00,11,"quick skitter step D, compact low stride",1,/Users/kyota/.codex/generated_images/019efbfb-45fb-70b1-94a2-4c1ec2ce71c7/ig_0cabaaade995c5d5016a3c6c43547481919a8ca5bdd78efdf8.png,docs/art-source/one-frame-method-fullrun-20260625/sugar-glider/raw/frame-11-attempt-01-raw.png,docs/art-source/one-frame-method-fullrun-20260625/sugar-glider/alpha/frame-11-attempt-01-alpha.png,docs/art-source/one-frame-method-fullrun-20260625/sugar-glider/frames/frame-11-attempt-01.png,docs/art-source/one-frame-method-fullrun-20260625/sugar-glider/contact/frame-11-attempt-01-contact.png,docs/art-source/one-frame-method-fullrun-20260625/sugar-glider/qa/frame-11-attempt-01-qa.json,docs/art-source/one-frame-method-fullrun-20260625/sugar-glider/prompts/frame-11-attempt-01-prompt.txt,accepted,
2026-06-24T23:55:24.383862+00:00,12,"fast low dash A, body stretched forward",1,/Users/kyota/.codex/generated_images/019efbfb-45fb-70b1-94a2-4c1ec2ce71c7/ig_087f75f030ca230f016a3c6cd935f48191a03151eb14c21a93.png,docs/art-source/one-frame-method-fullrun-20260625/sugar-glider/raw/frame-12-attempt-01-raw.png,docs/art-source/one-frame-method-fullrun-20260625/sugar-glider/alpha/frame-12-attempt-01-alpha.png,docs/art-source/one-frame-method-fullrun-20260625/sugar-glider/frames/frame-12-attempt-01.png,docs/art-source/one-frame-method-fullrun-20260625/sugar-glider/contact/frame-12-attempt-01-contact.png,docs/art-source/one-frame-method-fullrun-20260625/sugar-glider/qa/frame-12-attempt-01-qa.json,docs/art-source/one-frame-method-fullrun-20260625/sugar-glider/prompts/frame-12-attempt-01-prompt.txt,accepted,
2026-06-24T23:55:28.161296+00:00,13,"fast low dash B, body slightly compressed",1,/Users/kyota/.codex/generated_images/019efbfb-45fb-70b1-94a2-4c1ec2ce71c7/ig_087f75f030ca230f016a3c6d06281c8191b9da588b9d038d45.png,docs/art-source/one-frame-method-fullrun-20260625/sugar-glider/raw/frame-13-attempt-01-raw.png,docs/art-source/one-frame-method-fullrun-20260625/sugar-glider/alpha/frame-13-attempt-01-alpha.png,docs/art-source/one-frame-method-fullrun-20260625/sugar-glider/frames/frame-13-attempt-01.png,docs/art-source/one-frame-method-fullrun-20260625/sugar-glider/contact/frame-13-attempt-01-contact.png,docs/art-source/one-frame-method-fullrun-20260625/sugar-glider/qa/frame-13-attempt-01-qa.json,docs/art-source/one-frame-method-fullrun-20260625/sugar-glider/prompts/frame-13-attempt-01-prompt.txt,accepted,
2026-06-24T23:55:31.864557+00:00,14,"fast low dash C, legs extended running stride",1,/Users/kyota/.codex/generated_images/019efbfb-45fb-70b1-94a2-4c1ec2ce71c7/ig_087f75f030ca230f016a3c6d2e5b64819183bef514b16fc1a2.png,docs/art-source/one-frame-method-fullrun-20260625/sugar-glider/raw/frame-14-attempt-01-raw.png,docs/art-source/one-frame-method-fullrun-20260625/sugar-glider/alpha/frame-14-attempt-01-alpha.png,docs/art-source/one-frame-method-fullrun-20260625/sugar-glider/frames/frame-14-attempt-01.png,docs/art-source/one-frame-method-fullrun-20260625/sugar-glider/contact/frame-14-attempt-01-contact.png,docs/art-source/one-frame-method-fullrun-20260625/sugar-glider/qa/frame-14-attempt-01-qa.json,docs/art-source/one-frame-method-fullrun-20260625/sugar-glider/prompts/frame-14-attempt-01-prompt.txt,accepted,
2026-06-24T23:55:35.730613+00:00,15,"fast low dash D, compact stride",1,/Users/kyota/.codex/generated_images/019efbfb-45fb-70b1-94a2-4c1ec2ce71c7/ig_087f75f030ca230f016a3c6d5dfcf08191b8dcc30cd13f9e30.png,docs/art-source/one-frame-method-fullrun-20260625/sugar-glider/raw/frame-15-attempt-01-raw.png,docs/art-source/one-frame-method-fullrun-20260625/sugar-glider/alpha/frame-15-attempt-01-alpha.png,docs/art-source/one-frame-method-fullrun-20260625/sugar-glider/frames/frame-15-attempt-01.png,docs/art-source/one-frame-method-fullrun-20260625/sugar-glider/contact/frame-15-attempt-01-contact.png,docs/art-source/one-frame-method-fullrun-20260625/sugar-glider/qa/frame-15-attempt-01-qa.json,docs/art-source/one-frame-method-fullrun-20260625/sugar-glider/prompts/frame-15-attempt-01-prompt.txt,accepted,
2026-06-24T23:55:39.623895+00:00,16,"long tail streaming A, body low",1,/Users/kyota/.codex/generated_images/019efbfb-45fb-70b1-94a2-4c1ec2ce71c7/ig_087f75f030ca230f016a3c6d91d2348191a2363e93df86f0fc.png,docs/art-source/one-frame-method-fullrun-20260625/sugar-glider/raw/frame-16-attempt-01-raw.png,docs/art-source/one-frame-method-fullrun-20260625/sugar-glider/alpha/frame-16-attempt-01-alpha.png,docs/art-source/one-frame-method-fullrun-20260625/sugar-glider/frames/frame-16-attempt-01.png,docs/art-source/one-frame-method-fullrun-20260625/sugar-glider/contact/frame-16-attempt-01-contact.png,docs/art-source/one-frame-method-fullrun-20260625/sugar-glider/qa/frame-16-attempt-01-qa.json,docs/art-source/one-frame-method-fullrun-20260625/sugar-glider/prompts/frame-16-attempt-01-prompt.txt,accepted,
2026-06-24T23:55:43.655511+00:00,17,"long tail streaming B, paws gathered",1,/Users/kyota/.codex/generated_images/019efbfb-45fb-70b1-94a2-4c1ec2ce71c7/ig_087f75f030ca230f016a3c6dbe945c8191acfcd4e7e492a5f4.png,docs/art-source/one-frame-method-fullrun-20260625/sugar-glider/raw/frame-17-attempt-01-raw.png,docs/art-source/one-frame-method-fullrun-20260625/sugar-glider/alpha/frame-17-attempt-01-alpha.png,docs/art-source/one-frame-method-fullrun-20260625/sugar-glider/frames/frame-17-attempt-01.png,docs/art-source/one-frame-method-fullrun-20260625/sugar-glider/contact/frame-17-attempt-01-contact.png,docs/art-source/one-frame-method-fullrun-20260625/sugar-glider/qa/frame-17-attempt-01-qa.json,docs/art-source/one-frame-method-fullrun-20260625/sugar-glider/prompts/frame-17-attempt-01-prompt.txt,accepted,
2026-06-24T23:55:47.716397+00:00,18,"compressed sprint A, tucked low",1,/Users/kyota/.codex/generated_images/019efbfb-45fb-70b1-94a2-4c1ec2ce71c7/ig_087f75f030ca230f016a3c6df63cb08191a319703fa11cf311.png,docs/art-source/one-frame-method-fullrun-20260625/sugar-glider/raw/frame-18-attempt-01-raw.png,docs/art-source/one-frame-method-fullrun-20260625/sugar-glider/alpha/frame-18-attempt-01-alpha.png,docs/art-source/one-frame-method-fullrun-20260625/sugar-glider/frames/frame-18-attempt-01.png,docs/art-source/one-frame-method-fullrun-20260625/sugar-glider/contact/frame-18-attempt-01-contact.png,docs/art-source/one-frame-method-fullrun-20260625/sugar-glider/qa/frame-18-attempt-01-qa.json,docs/art-source/one-frame-method-fullrun-20260625/sugar-glider/prompts/frame-18-attempt-01-prompt.txt,accepted,
2026-06-24T23:55:51.915203+00:00,19,"compressed sprint B, hind feet pushing",1,/Users/kyota/.codex/generated_images/019efbfb-45fb-70b1-94a2-4c1ec2ce71c7/ig_087f75f030ca230f016a3c6e28cdf881918b97e95270107270.png,docs/art-source/one-frame-method-fullrun-20260625/sugar-glider/raw/frame-19-attempt-01-raw.png,docs/art-source/one-frame-method-fullrun-20260625/sugar-glider/alpha/frame-19-attempt-01-alpha.png,docs/art-source/one-frame-method-fullrun-20260625/sugar-glider/frames/frame-19-attempt-01.png,docs/art-source/one-frame-method-fullrun-20260625/sugar-glider/contact/frame-19-attempt-01-contact.png,docs/art-source/one-frame-method-fullrun-20260625/sugar-glider/qa/frame-19-attempt-01-qa.json,docs/art-source/one-frame-method-fullrun-20260625/sugar-glider/prompts/frame-19-attempt-01-prompt.txt,accepted,
2026-06-25T00:01:29.998194+00:00,20,nose down sniff,1,/Users/kyota/.codex/generated_images/019efbfb-45fb-70b1-94a2-4c1ec2ce71c7/ig_01ccc4ef43114010016a3c6ea813148191880892b3fee668cd.png,docs/art-source/one-frame-method-fullrun-20260625/sugar-glider/raw/frame-20-attempt-01-raw.png,docs/art-source/one-frame-method-fullrun-20260625/sugar-glider/alpha/frame-20-attempt-01-alpha.png,docs/art-source/one-frame-method-fullrun-20260625/sugar-glider/frames/frame-20-attempt-01.png,docs/art-source/one-frame-method-fullrun-20260625/sugar-glider/contact/frame-20-attempt-01-contact.png,docs/art-source/one-frame-method-fullrun-20260625/sugar-glider/qa/frame-20-attempt-01-qa.json,docs/art-source/one-frame-method-fullrun-20260625/sugar-glider/prompts/frame-20-attempt-01-prompt.txt,accepted,
2026-06-25T00:01:33.888392+00:00,21,nose forward sniff,1,/Users/kyota/.codex/generated_images/019efbfb-45fb-70b1-94a2-4c1ec2ce71c7/ig_01ccc4ef43114010016a3c6edc84c88191b6f73bf52818c391.png,docs/art-source/one-frame-method-fullrun-20260625/sugar-glider/raw/frame-21-attempt-01-raw.png,docs/art-source/one-frame-method-fullrun-20260625/sugar-glider/alpha/frame-21-attempt-01-alpha.png,docs/art-source/one-frame-method-fullrun-20260625/sugar-glider/frames/frame-21-attempt-01.png,docs/art-source/one-frame-method-fullrun-20260625/sugar-glider/contact/frame-21-attempt-01-contact.png,docs/art-source/one-frame-method-fullrun-20260625/sugar-glider/qa/frame-21-attempt-01-qa.json,docs/art-source/one-frame-method-fullrun-20260625/sugar-glider/prompts/frame-21-attempt-01-prompt.txt,accepted,
2026-06-25T00:01:37.963229+00:00,22,tiny nibble with paws near mouth,1,/Users/kyota/.codex/generated_images/019efbfb-45fb-70b1-94a2-4c1ec2ce71c7/ig_01ccc4ef43114010016a3c6f0c42e48191b2c1f8e70aae1583.png,docs/art-source/one-frame-method-fullrun-20260625/sugar-glider/raw/frame-22-attempt-01-raw.png,docs/art-source/one-frame-method-fullrun-20260625/sugar-glider/alpha/frame-22-attempt-01-alpha.png,docs/art-source/one-frame-method-fullrun-20260625/sugar-glider/frames/frame-22-attempt-01.png,docs/art-source/one-frame-method-fullrun-20260625/sugar-glider/contact/frame-22-attempt-01-contact.png,docs/art-source/one-frame-method-fullrun-20260625/sugar-glider/qa/frame-22-attempt-01-qa.json,docs/art-source/one-frame-method-fullrun-20260625/sugar-glider/prompts/frame-22-attempt-01-prompt.txt,accepted,
2026-06-25T00:01:42.290048+00:00,23,nibble lean down,1,/Users/kyota/.codex/generated_images/019efbfb-45fb-70b1-94a2-4c1ec2ce71c7/ig_01ccc4ef43114010016a3c6f42c36481919c194c6735eac489.png,docs/art-source/one-frame-method-fullrun-20260625/sugar-glider/raw/frame-23-attempt-01-raw.png,docs/art-source/one-frame-method-fullrun-20260625/sugar-glider/alpha/frame-23-attempt-01-alpha.png,docs/art-source/one-frame-method-fullrun-20260625/sugar-glider/frames/frame-23-attempt-01.png,docs/art-source/one-frame-method-fullrun-20260625/sugar-glider/contact/frame-23-attempt-01-contact.png,docs/art-source/one-frame-method-fullrun-20260625/sugar-glider/qa/frame-23-attempt-01-qa.json,docs/art-source/one-frame-method-fullrun-20260625/sugar-glider/prompts/frame-23-attempt-01-prompt.txt,accepted,
2026-06-25T00:01:46.850866+00:00,24,sniff pause with ears up,1,/Users/kyota/.codex/generated_images/019efbfb-45fb-70b1-94a2-4c1ec2ce71c7/ig_01ccc4ef43114010016a3c6f772a508191b3058758398a3ea2.png,docs/art-source/one-frame-method-fullrun-20260625/sugar-glider/raw/frame-24-attempt-01-raw.png,docs/art-source/one-frame-method-fullrun-20260625/sugar-glider/alpha/frame-24-attempt-01-alpha.png,docs/art-source/one-frame-method-fullrun-20260625/sugar-glider/frames/frame-24-attempt-01.png,docs/art-source/one-frame-method-fullrun-20260625/sugar-glider/contact/frame-24-attempt-01-contact.png,docs/art-source/one-frame-method-fullrun-20260625/sugar-glider/qa/frame-24-attempt-01-qa.json,docs/art-source/one-frame-method-fullrun-20260625/sugar-glider/prompts/frame-24-attempt-01-prompt.txt,accepted,
2026-06-25T00:01:51.305556+00:00,25,nibble finish with head lifting,1,/Users/kyota/.codex/generated_images/019efbfb-45fb-70b1-94a2-4c1ec2ce71c7/ig_01ccc4ef43114010016a3c6fa6c8c88191bc4adb06afb6653c.png,docs/art-source/one-frame-method-fullrun-20260625/sugar-glider/raw/frame-25-attempt-01-raw.png,docs/art-source/one-frame-method-fullrun-20260625/sugar-glider/alpha/frame-25-attempt-01-alpha.png,docs/art-source/one-frame-method-fullrun-20260625/sugar-glider/frames/frame-25-attempt-01.png,docs/art-source/one-frame-method-fullrun-20260625/sugar-glider/contact/frame-25-attempt-01-contact.png,docs/art-source/one-frame-method-fullrun-20260625/sugar-glider/qa/frame-25-attempt-01-qa.json,docs/art-source/one-frame-method-fullrun-20260625/sugar-glider/prompts/frame-25-attempt-01-prompt.txt,accepted,
2026-06-25T00:07:27.976729+00:00,26,forepaw raise,1,/Users/kyota/.codex/generated_images/019efbfb-45fb-70b1-94a2-4c1ec2ce71c7/ig_0d3043d46ccd5e9d016a3c7003cb1881918f1c396a5de589f8.png,docs/art-source/one-frame-method-fullrun-20260625/sugar-glider/raw/frame-26-attempt-01-raw.png,docs/art-source/one-frame-method-fullrun-20260625/sugar-glider/alpha/frame-26-attempt-01-alpha.png,docs/art-source/one-frame-method-fullrun-20260625/sugar-glider/frames/frame-26-attempt-01.png,docs/art-source/one-frame-method-fullrun-20260625/sugar-glider/contact/frame-26-attempt-01-contact.png,docs/art-source/one-frame-method-fullrun-20260625/sugar-glider/qa/frame-26-attempt-01-qa.json,docs/art-source/one-frame-method-fullrun-20260625/sugar-glider/prompts/frame-26-attempt-01-prompt.txt,accepted,
2026-06-25T00:07:31.758767+00:00,27,forepaw tap,1,/Users/kyota/.codex/generated_images/019efbfb-45fb-70b1-94a2-4c1ec2ce71c7/ig_0d3043d46ccd5e9d016a3c7032a294819184f4799e7a85acc2.png,docs/art-source/one-frame-method-fullrun-20260625/sugar-glider/raw/frame-27-attempt-01-raw.png,docs/art-source/one-frame-method-fullrun-20260625/sugar-glider/alpha/frame-27-attempt-01-alpha.png,docs/art-source/one-frame-method-fullrun-20260625/sugar-glider/frames/frame-27-attempt-01.png,docs/art-source/one-frame-method-fullrun-20260625/sugar-glider/contact/frame-27-attempt-01-contact.png,docs/art-source/one-frame-method-fullrun-20260625/sugar-glider/qa/frame-27-attempt-01-qa.json,docs/art-source/one-frame-method-fullrun-20260625/sugar-glider/prompts/frame-27-attempt-01-prompt.txt,accepted,
2026-06-25T00:07:35.951960+00:00,28,tail curl left,1,/Users/kyota/.codex/generated_images/019efbfb-45fb-70b1-94a2-4c1ec2ce71c7/ig_0d3043d46ccd5e9d016a3c7066a2688191962dfabae7693e9e.png,docs/art-source/one-frame-method-fullrun-20260625/sugar-glider/raw/frame-28-attempt-01-raw.png,docs/art-source/one-frame-method-fullrun-20260625/sugar-glider/alpha/frame-28-attempt-01-alpha.png,docs/art-source/one-frame-method-fullrun-20260625/sugar-glider/frames/frame-28-attempt-01.png,docs/art-source/one-frame-method-fullrun-20260625/sugar-glider/contact/frame-28-attempt-01-contact.png,docs/art-source/one-frame-method-fullrun-20260625/sugar-glider/qa/frame-28-attempt-01-qa.json,docs/art-source/one-frame-method-fullrun-20260625/sugar-glider/prompts/frame-28-attempt-01-prompt.txt,accepted,
2026-06-25T00:07:40.003093+00:00,29,tail curl right,1,/Users/kyota/.codex/generated_images/019efbfb-45fb-70b1-94a2-4c1ec2ce71c7/ig_0d3043d46ccd5e9d016a3c7097927481918c55ed01b984adbb.png,docs/art-source/one-frame-method-fullrun-20260625/sugar-glider/raw/frame-29-attempt-01-raw.png,docs/art-source/one-frame-method-fullrun-20260625/sugar-glider/alpha/frame-29-attempt-01-alpha.png,docs/art-source/one-frame-method-fullrun-20260625/sugar-glider/frames/frame-29-attempt-01.png,docs/art-source/one-frame-method-fullrun-20260625/sugar-glider/contact/frame-29-attempt-01-contact.png,docs/art-source/one-frame-method-fullrun-20260625/sugar-glider/qa/frame-29-attempt-01-qa.json,docs/art-source/one-frame-method-fullrun-20260625/sugar-glider/prompts/frame-29-attempt-01-prompt.txt,accepted,
2026-06-25T00:07:44.176425+00:00,30,small hop preparation,1,/Users/kyota/.codex/generated_images/019efbfb-45fb-70b1-94a2-4c1ec2ce71c7/ig_0d3043d46ccd5e9d016a3c70cde6f081918b2d69fa24a88077.png,docs/art-source/one-frame-method-fullrun-20260625/sugar-glider/raw/frame-30-attempt-01-raw.png,docs/art-source/one-frame-method-fullrun-20260625/sugar-glider/alpha/frame-30-attempt-01-alpha.png,docs/art-source/one-frame-method-fullrun-20260625/sugar-glider/frames/frame-30-attempt-01.png,docs/art-source/one-frame-method-fullrun-20260625/sugar-glider/contact/frame-30-attempt-01-contact.png,docs/art-source/one-frame-method-fullrun-20260625/sugar-glider/qa/frame-30-attempt-01-qa.json,docs/art-source/one-frame-method-fullrun-20260625/sugar-glider/prompts/frame-30-attempt-01-prompt.txt,accepted,
2026-06-25T00:07:48.489738+00:00,31,small hop landing,1,/Users/kyota/.codex/generated_images/019efbfb-45fb-70b1-94a2-4c1ec2ce71c7/ig_0d3043d46ccd5e9d016a3c710477b8819196240b03b7d9c207.png,docs/art-source/one-frame-method-fullrun-20260625/sugar-glider/raw/frame-31-attempt-01-raw.png,docs/art-source/one-frame-method-fullrun-20260625/sugar-glider/alpha/frame-31-attempt-01-alpha.png,docs/art-source/one-frame-method-fullrun-20260625/sugar-glider/frames/frame-31-attempt-01.png,docs/art-source/one-frame-method-fullrun-20260625/sugar-glider/contact/frame-31-attempt-01-contact.png,docs/art-source/one-frame-method-fullrun-20260625/sugar-glider/qa/frame-31-attempt-01-qa.json,docs/art-source/one-frame-method-fullrun-20260625/sugar-glider/prompts/frame-31-attempt-01-prompt.txt,accepted,
2026-06-25T00:16:37.441173+00:00,32,turning left quarter A,1,/Users/kyota/.codex/generated_images/019efbfb-45fb-70b1-94a2-4c1ec2ce71c7/ig_06e05ddd9de02863016a3c718f083c81919a49c309da1aa22f.png,docs/art-source/one-frame-method-fullrun-20260625/sugar-glider/raw/frame-32-attempt-01-raw.png,docs/art-source/one-frame-method-fullrun-20260625/sugar-glider/alpha/frame-32-attempt-01-alpha.png,docs/art-source/one-frame-method-fullrun-20260625/sugar-glider/frames/frame-32-attempt-01.png,docs/art-source/one-frame-method-fullrun-20260625/sugar-glider/contact/frame-32-attempt-01-contact.png,docs/art-source/one-frame-method-fullrun-20260625/sugar-glider/qa/frame-32-attempt-01-qa.json,docs/art-source/one-frame-method-fullrun-20260625/sugar-glider/prompts/frame-32-attempt-01-prompt.txt,accepted,
2026-06-25T00:16:41.234401+00:00,33,turning left quarter B,1,/Users/kyota/.codex/generated_images/019efbfb-45fb-70b1-94a2-4c1ec2ce71c7/ig_06e05ddd9de02863016a3c71c6bd5c819193d74eb37012d403.png,docs/art-source/one-frame-method-fullrun-20260625/sugar-glider/raw/frame-33-attempt-01-raw.png,docs/art-source/one-frame-method-fullrun-20260625/sugar-glider/alpha/frame-33-attempt-01-alpha.png,docs/art-source/one-frame-method-fullrun-20260625/sugar-glider/frames/frame-33-attempt-01.png,docs/art-source/one-frame-method-fullrun-20260625/sugar-glider/contact/frame-33-attempt-01-contact.png,docs/art-source/one-frame-method-fullrun-20260625/sugar-glider/qa/frame-33-attempt-01-qa.json,docs/art-source/one-frame-method-fullrun-20260625/sugar-glider/prompts/frame-33-attempt-01-prompt.txt,accepted,
2026-06-25T00:16:45.019409+00:00,34,rear three-quarter turn,1,/Users/kyota/.codex/generated_images/019efbfb-45fb-70b1-94a2-4c1ec2ce71c7/ig_06e05ddd9de02863016a3c71fc923481919b26e89e4617beaa.png,docs/art-source/one-frame-method-fullrun-20260625/sugar-glider/raw/frame-34-attempt-01-raw.png,docs/art-source/one-frame-method-fullrun-20260625/sugar-glider/alpha/frame-34-attempt-01-alpha.png,docs/art-source/one-frame-method-fullrun-20260625/sugar-glider/frames/frame-34-attempt-01.png,docs/art-source/one-frame-method-fullrun-20260625/sugar-glider/contact/frame-34-attempt-01-contact.png,docs/art-source/one-frame-method-fullrun-20260625/sugar-glider/qa/frame-34-attempt-01-qa.json,docs/art-source/one-frame-method-fullrun-20260625/sugar-glider/prompts/frame-34-attempt-01-prompt.txt,accepted,
2026-06-25T00:16:49.044162+00:00,35,turning right quarter,1,/Users/kyota/.codex/generated_images/019efbfb-45fb-70b1-94a2-4c1ec2ce71c7/ig_06e05ddd9de02863016a3c72309404819193c972536086261b.png,docs/art-source/one-frame-method-fullrun-20260625/sugar-glider/raw/frame-35-attempt-01-raw.png,docs/art-source/one-frame-method-fullrun-20260625/sugar-glider/alpha/frame-35-attempt-01-alpha.png,docs/art-source/one-frame-method-fullrun-20260625/sugar-glider/frames/frame-35-attempt-01.png,docs/art-source/one-frame-method-fullrun-20260625/sugar-glider/contact/frame-35-attempt-01-contact.png,docs/art-source/one-frame-method-fullrun-20260625/sugar-glider/qa/frame-35-attempt-01-qa.json,docs/art-source/one-frame-method-fullrun-20260625/sugar-glider/prompts/frame-35-attempt-01-prompt.txt,accepted,
2026-06-25T00:16:53.057854+00:00,36,turning back to side A,1,/Users/kyota/.codex/generated_images/019efbfb-45fb-70b1-94a2-4c1ec2ce71c7/ig_06e05ddd9de02863016a3c726a180481918907f66d12306a94.png,docs/art-source/one-frame-method-fullrun-20260625/sugar-glider/raw/frame-36-attempt-01-raw.png,docs/art-source/one-frame-method-fullrun-20260625/sugar-glider/alpha/frame-36-attempt-01-alpha.png,docs/art-source/one-frame-method-fullrun-20260625/sugar-glider/frames/frame-36-attempt-01.png,docs/art-source/one-frame-method-fullrun-20260625/sugar-glider/contact/frame-36-attempt-01-contact.png,docs/art-source/one-frame-method-fullrun-20260625/sugar-glider/qa/frame-36-attempt-01-qa.json,docs/art-source/one-frame-method-fullrun-20260625/sugar-glider/prompts/frame-36-attempt-01-prompt.txt,accepted,
2026-06-25T00:16:57.031308+00:00,37,turning back to side B,1,/Users/kyota/.codex/generated_images/019efbfb-45fb-70b1-94a2-4c1ec2ce71c7/ig_06e05ddd9de02863016a3c72a178708191b28324ce48c87e01.png,docs/art-source/one-frame-method-fullrun-20260625/sugar-glider/raw/frame-37-attempt-01-raw.png,docs/art-source/one-frame-method-fullrun-20260625/sugar-glider/alpha/frame-37-attempt-01-alpha.png,docs/art-source/one-frame-method-fullrun-20260625/sugar-glider/frames/frame-37-attempt-01.png,docs/art-source/one-frame-method-fullrun-20260625/sugar-glider/contact/frame-37-attempt-01-contact.png,docs/art-source/one-frame-method-fullrun-20260625/sugar-glider/qa/frame-37-attempt-01-qa.json,docs/art-source/one-frame-method-fullrun-20260625/sugar-glider/prompts/frame-37-attempt-01-prompt.txt,accepted,
2026-06-25T00:17:01.101341+00:00,38,head turned back over shoulder,1,/Users/kyota/.codex/generated_images/019efbfb-45fb-70b1-94a2-4c1ec2ce71c7/ig_06e05ddd9de02863016a3c72d73e28819183da0866df32ddd9.png,docs/art-source/one-frame-method-fullrun-20260625/sugar-glider/raw/frame-38-attempt-01-raw.png,docs/art-source/one-frame-method-fullrun-20260625/sugar-glider/alpha/frame-38-attempt-01-alpha.png,docs/art-source/one-frame-method-fullrun-20260625/sugar-glider/frames/frame-38-attempt-01.png,docs/art-source/one-frame-method-fullrun-20260625/sugar-glider/contact/frame-38-attempt-01-contact.png,docs/art-source/one-frame-method-fullrun-20260625/sugar-glider/qa/frame-38-attempt-01-qa.json,docs/art-source/one-frame-method-fullrun-20260625/sugar-glider/prompts/frame-38-attempt-01-prompt.txt,accepted,
2026-06-25T00:17:06.186728+00:00,39,side stance recovered,1,/Users/kyota/.codex/generated_images/019efbfb-45fb-70b1-94a2-4c1ec2ce71c7/ig_06e05ddd9de02863016a3c732750088191965a92a03de3dbf7.png,docs/art-source/one-frame-method-fullrun-20260625/sugar-glider/raw/frame-39-attempt-01-raw.png,docs/art-source/one-frame-method-fullrun-20260625/sugar-glider/alpha/frame-39-attempt-01-alpha.png,docs/art-source/one-frame-method-fullrun-20260625/sugar-glider/frames/frame-39-attempt-01.png,docs/art-source/one-frame-method-fullrun-20260625/sugar-glider/contact/frame-39-attempt-01-contact.png,docs/art-source/one-frame-method-fullrun-20260625/sugar-glider/qa/frame-39-attempt-01-qa.json,docs/art-source/one-frame-method-fullrun-20260625/sugar-glider/prompts/frame-39-attempt-01-prompt.txt,accepted,
2026-06-25T00:20:52.144710+00:00,40,seated chew A,1,/Users/kyota/.codex/generated_images/019efbfb-45fb-70b1-94a2-4c1ec2ce71c7/ig_0e85039514fa3487016a3c73de57c48191a2b8d7b59d1c5a1b.png,docs/art-source/one-frame-method-fullrun-20260625/sugar-glider/raw/frame-40-attempt-01-raw.png,docs/art-source/one-frame-method-fullrun-20260625/sugar-glider/alpha/frame-40-attempt-01-alpha.png,docs/art-source/one-frame-method-fullrun-20260625/sugar-glider/frames/frame-40-attempt-01.png,docs/art-source/one-frame-method-fullrun-20260625/sugar-glider/contact/frame-40-attempt-01-contact.png,docs/art-source/one-frame-method-fullrun-20260625/sugar-glider/qa/frame-40-attempt-01-qa.json,docs/art-source/one-frame-method-fullrun-20260625/sugar-glider/prompts/frame-40-attempt-01-prompt.txt,rejected,visual reject: generated source background had visible green gradient instead of uniform #00ff00
2026-06-25T00:22:30.526978+00:00,40,seated chew A,2,/Users/kyota/.codex/generated_images/019efbfb-45fb-70b1-94a2-4c1ec2ce71c7/ig_0b8bacaf2060d1db016a3c748953e08191b0c8093bad80f15d.png,docs/art-source/one-frame-method-fullrun-20260625/sugar-glider/raw/frame-40-attempt-02-raw.png,docs/art-source/one-frame-method-fullrun-20260625/sugar-glider/alpha/frame-40-attempt-02-alpha.png,docs/art-source/one-frame-method-fullrun-20260625/sugar-glider/frames/frame-40-attempt-02.png,docs/art-source/one-frame-method-fullrun-20260625/sugar-glider/contact/frame-40-attempt-02-contact.png,docs/art-source/one-frame-method-fullrun-20260625/sugar-glider/qa/frame-40-attempt-02-qa.json,docs/art-source/one-frame-method-fullrun-20260625/sugar-glider/prompts/frame-40-attempt-02-prompt.txt,accepted,
2026-06-25T00:30:47.395223+00:00,41,seated chew B,1,/Users/kyota/.codex/generated_images/019efbfb-45fb-70b1-94a2-4c1ec2ce71c7/ig_023928d345972991016a3c74efa0d48191a3d784dee2536752.png,docs/art-source/one-frame-method-fullrun-20260625/sugar-glider/raw/frame-41-attempt-01-raw.png,docs/art-source/one-frame-method-fullrun-20260625/sugar-glider/alpha/frame-41-attempt-01-alpha.png,docs/art-source/one-frame-method-fullrun-20260625/sugar-glider/frames/frame-41-attempt-01.png,docs/art-source/one-frame-method-fullrun-20260625/sugar-glider/contact/frame-41-attempt-01-contact.png,docs/art-source/one-frame-method-fullrun-20260625/sugar-glider/qa/frame-41-attempt-01-qa.json,docs/art-source/one-frame-method-fullrun-20260625/sugar-glider/prompts/frame-41-attempt-01-prompt.txt,accepted,
2026-06-25T00:30:51.258829+00:00,42,paws at mouth chew A,1,/Users/kyota/.codex/generated_images/019efbfb-45fb-70b1-94a2-4c1ec2ce71c7/ig_023928d345972991016a3c7532eba88191b2c47e326dfcb2a2.png,docs/art-source/one-frame-method-fullrun-20260625/sugar-glider/raw/frame-42-attempt-01-raw.png,docs/art-source/one-frame-method-fullrun-20260625/sugar-glider/alpha/frame-42-attempt-01-alpha.png,docs/art-source/one-frame-method-fullrun-20260625/sugar-glider/frames/frame-42-attempt-01.png,docs/art-source/one-frame-method-fullrun-20260625/sugar-glider/contact/frame-42-attempt-01-contact.png,docs/art-source/one-frame-method-fullrun-20260625/sugar-glider/qa/frame-42-attempt-01-qa.json,docs/art-source/one-frame-method-fullrun-20260625/sugar-glider/prompts/frame-42-attempt-01-prompt.txt,accepted,
2026-06-25T00:30:55.204687+00:00,43,paws at mouth chew B,1,/Users/kyota/.codex/generated_images/019efbfb-45fb-70b1-94a2-4c1ec2ce71c7/ig_023928d345972991016a3c756f28c08191aa67c071da34219b.png,docs/art-source/one-frame-method-fullrun-20260625/sugar-glider/raw/frame-43-attempt-01-raw.png,docs/art-source/one-frame-method-fullrun-20260625/sugar-glider/alpha/frame-43-attempt-01-alpha.png,docs/art-source/one-frame-method-fullrun-20260625/sugar-glider/frames/frame-43-attempt-01.png,docs/art-source/one-frame-method-fullrun-20260625/sugar-glider/contact/frame-43-attempt-01-contact.png,docs/art-source/one-frame-method-fullrun-20260625/sugar-glider/qa/frame-43-attempt-01-qa.json,docs/art-source/one-frame-method-fullrun-20260625/sugar-glider/prompts/frame-43-attempt-01-prompt.txt,accepted,
2026-06-25T00:30:59.752163+00:00,44,low ground check A,1,/Users/kyota/.codex/generated_images/019efbfb-45fb-70b1-94a2-4c1ec2ce71c7/ig_023928d345972991016a3c75b8a2a48191ab804ba5a02cfd68.png,docs/art-source/one-frame-method-fullrun-20260625/sugar-glider/raw/frame-44-attempt-01-raw.png,docs/art-source/one-frame-method-fullrun-20260625/sugar-glider/alpha/frame-44-attempt-01-alpha.png,docs/art-source/one-frame-method-fullrun-20260625/sugar-glider/frames/frame-44-attempt-01.png,docs/art-source/one-frame-method-fullrun-20260625/sugar-glider/contact/frame-44-attempt-01-contact.png,docs/art-source/one-frame-method-fullrun-20260625/sugar-glider/qa/frame-44-attempt-01-qa.json,docs/art-source/one-frame-method-fullrun-20260625/sugar-glider/prompts/frame-44-attempt-01-prompt.txt,accepted,
2026-06-25T00:31:04.742718+00:00,45,low ground check B,1,/Users/kyota/.codex/generated_images/019efbfb-45fb-70b1-94a2-4c1ec2ce71c7/ig_023928d345972991016a3c75f6bf08819197f575b3dbcc5434.png,docs/art-source/one-frame-method-fullrun-20260625/sugar-glider/raw/frame-45-attempt-01-raw.png,docs/art-source/one-frame-method-fullrun-20260625/sugar-glider/alpha/frame-45-attempt-01-alpha.png,docs/art-source/one-frame-method-fullrun-20260625/sugar-glider/frames/frame-45-attempt-01.png,docs/art-source/one-frame-method-fullrun-20260625/sugar-glider/contact/frame-45-attempt-01-contact.png,docs/art-source/one-frame-method-fullrun-20260625/sugar-glider/qa/frame-45-attempt-01-qa.json,docs/art-source/one-frame-method-fullrun-20260625/sugar-glider/prompts/frame-45-attempt-01-prompt.txt,accepted,
2026-06-25T00:31:09.797068+00:00,46,paw probes ground,1,/Users/kyota/.codex/generated_images/019efbfb-45fb-70b1-94a2-4c1ec2ce71c7/ig_023928d345972991016a3c7637f5208191b66590809eb93c58.png,docs/art-source/one-frame-method-fullrun-20260625/sugar-glider/raw/frame-46-attempt-01-raw.png,docs/art-source/one-frame-method-fullrun-20260625/sugar-glider/alpha/frame-46-attempt-01-alpha.png,docs/art-source/one-frame-method-fullrun-20260625/sugar-glider/frames/frame-46-attempt-01.png,docs/art-source/one-frame-method-fullrun-20260625/sugar-glider/contact/frame-46-attempt-01-contact.png,docs/art-source/one-frame-method-fullrun-20260625/sugar-glider/qa/frame-46-attempt-01-qa.json,docs/art-source/one-frame-method-fullrun-20260625/sugar-glider/prompts/frame-46-attempt-01-prompt.txt,accepted,
2026-06-25T00:31:14.743026+00:00,47,head lift from ground check,1,/Users/kyota/.codex/generated_images/019efbfb-45fb-70b1-94a2-4c1ec2ce71c7/ig_023928d345972991016a3c767538208191a093b06bc858190a.png,docs/art-source/one-frame-method-fullrun-20260625/sugar-glider/raw/frame-47-attempt-01-raw.png,docs/art-source/one-frame-method-fullrun-20260625/sugar-glider/alpha/frame-47-attempt-01-alpha.png,docs/art-source/one-frame-method-fullrun-20260625/sugar-glider/frames/frame-47-attempt-01.png,docs/art-source/one-frame-method-fullrun-20260625/sugar-glider/contact/frame-47-attempt-01-contact.png,docs/art-source/one-frame-method-fullrun-20260625/sugar-glider/qa/frame-47-attempt-01-qa.json,docs/art-source/one-frame-method-fullrun-20260625/sugar-glider/prompts/frame-47-attempt-01-prompt.txt,accepted,
2026-06-25T00:35:19.694562+00:00,48,alert upright rest A,1,/Users/kyota/.codex/generated_images/019efbfb-45fb-70b1-94a2-4c1ec2ce71c7/ig_07ebaab486f91a99016a3c7788c3688191a657c0f2fc887213.png,docs/art-source/one-frame-method-fullrun-20260625/sugar-glider/raw/frame-48-attempt-01-raw.png,docs/art-source/one-frame-method-fullrun-20260625/sugar-glider/alpha/frame-48-attempt-01-alpha.png,docs/art-source/one-frame-method-fullrun-20260625/sugar-glider/frames/frame-48-attempt-01.png,docs/art-source/one-frame-method-fullrun-20260625/sugar-glider/contact/frame-48-attempt-01-contact.png,docs/art-source/one-frame-method-fullrun-20260625/sugar-glider/qa/frame-48-attempt-01-qa.json,docs/art-source/one-frame-method-fullrun-20260625/sugar-glider/prompts/frame-48-attempt-01-prompt.txt,accepted,
2026-06-25T00:37:40.544354+00:00,49,alert upright rest B,1,/Users/kyota/.codex/generated_images/019efbfb-45fb-70b1-94a2-4c1ec2ce71c7/ig_0cfd6e642d6f1a3f016a3c77f7ff248191b7d291d22da1ea15.png,docs/art-source/one-frame-method-fullrun-20260625/sugar-glider/raw/frame-49-attempt-01-raw.png,docs/art-source/one-frame-method-fullrun-20260625/sugar-glider/alpha/frame-49-attempt-01-alpha.png,docs/art-source/one-frame-method-fullrun-20260625/sugar-glider/frames/frame-49-attempt-01.png,docs/art-source/one-frame-method-fullrun-20260625/sugar-glider/contact/frame-49-attempt-01-contact.png,docs/art-source/one-frame-method-fullrun-20260625/sugar-glider/qa/frame-49-attempt-01-qa.json,docs/art-source/one-frame-method-fullrun-20260625/sugar-glider/prompts/frame-49-attempt-01-prompt.txt,accepted,
2026-06-25T00:39:38.556922+00:00,50,ears forward rest,1,/Users/kyota/.codex/generated_images/019efbfb-45fb-70b1-94a2-4c1ec2ce71c7/ig_0b570f1f71b95a3d016a3c7884f8588191b22311b6185974a7.png,docs/art-source/one-frame-method-fullrun-20260625/sugar-glider/raw/frame-50-attempt-01-raw.png,docs/art-source/one-frame-method-fullrun-20260625/sugar-glider/alpha/frame-50-attempt-01-alpha.png,docs/art-source/one-frame-method-fullrun-20260625/sugar-glider/frames/frame-50-attempt-01.png,docs/art-source/one-frame-method-fullrun-20260625/sugar-glider/contact/frame-50-attempt-01-contact.png,docs/art-source/one-frame-method-fullrun-20260625/sugar-glider/qa/frame-50-attempt-01-qa.json,docs/art-source/one-frame-method-fullrun-20260625/sugar-glider/prompts/frame-50-attempt-01-prompt.txt,accepted,
2026-06-25T00:41:25.310368+00:00,51,relaxed alert crouch,1,/Users/kyota/.codex/generated_images/019efbfb-45fb-70b1-94a2-4c1ec2ce71c7/ig_0c6147e043652d0b016a3c78ee863881918860cf5aea1f9d43.png,docs/art-source/one-frame-method-fullrun-20260625/sugar-glider/raw/frame-51-attempt-01-raw.png,docs/art-source/one-frame-method-fullrun-20260625/sugar-glider/alpha/frame-51-attempt-01-alpha.png,docs/art-source/one-frame-method-fullrun-20260625/sugar-glider/frames/frame-51-attempt-01.png,docs/art-source/one-frame-method-fullrun-20260625/sugar-glider/contact/frame-51-attempt-01-contact.png,docs/art-source/one-frame-method-fullrun-20260625/sugar-glider/qa/frame-51-attempt-01-qa.json,docs/art-source/one-frame-method-fullrun-20260625/sugar-glider/prompts/frame-51-attempt-01-prompt.txt,accepted,
2026-06-25T00:43:45.691365+00:00,52,face rub A,1,/Users/kyota/.codex/generated_images/019efbfb-45fb-70b1-94a2-4c1ec2ce71c7/ig_02709a85e2df58a0016a3c79766d2c81918d42b67b900622e3.png,docs/art-source/one-frame-method-fullrun-20260625/sugar-glider/raw/frame-52-attempt-01-raw.png,docs/art-source/one-frame-method-fullrun-20260625/sugar-glider/alpha/frame-52-attempt-01-alpha.png,docs/art-source/one-frame-method-fullrun-20260625/sugar-glider/frames/frame-52-attempt-01.png,docs/art-source/one-frame-method-fullrun-20260625/sugar-glider/contact/frame-52-attempt-01-contact.png,docs/art-source/one-frame-method-fullrun-20260625/sugar-glider/qa/frame-52-attempt-01-qa.json,docs/art-source/one-frame-method-fullrun-20260625/sugar-glider/prompts/frame-52-attempt-01-prompt.txt,accepted,
2026-06-25T00:46:55.770994+00:00,53,face rub B,1,/Users/kyota/.codex/generated_images/019efbfb-45fb-70b1-94a2-4c1ec2ce71c7/ig_093301df383003aa016a3c7a2cfddc8191afa373c99867a37e.png,docs/art-source/one-frame-method-fullrun-20260625/sugar-glider/raw/frame-53-attempt-01-raw.png,docs/art-source/one-frame-method-fullrun-20260625/sugar-glider/alpha/frame-53-attempt-01-alpha.png,docs/art-source/one-frame-method-fullrun-20260625/sugar-glider/frames/frame-53-attempt-01.png,docs/art-source/one-frame-method-fullrun-20260625/sugar-glider/contact/frame-53-attempt-01-contact.png,docs/art-source/one-frame-method-fullrun-20260625/sugar-glider/qa/frame-53-attempt-01-qa.json,docs/art-source/one-frame-method-fullrun-20260625/sugar-glider/prompts/frame-53-attempt-01-prompt.txt,accepted,
2026-06-25T00:50:06.090576+00:00,54,ear groom A,1,/Users/kyota/.codex/generated_images/019efbfb-45fb-70b1-94a2-4c1ec2ce71c7/ig_0dc408bb6c88718a016a3c7ae0cab08191a43ce51b7ca869cf.png,docs/art-source/one-frame-method-fullrun-20260625/sugar-glider/raw/frame-54-attempt-01-raw.png,docs/art-source/one-frame-method-fullrun-20260625/sugar-glider/alpha/frame-54-attempt-01-alpha.png,docs/art-source/one-frame-method-fullrun-20260625/sugar-glider/frames/frame-54-attempt-01.png,docs/art-source/one-frame-method-fullrun-20260625/sugar-glider/contact/frame-54-attempt-01-contact.png,docs/art-source/one-frame-method-fullrun-20260625/sugar-glider/qa/frame-54-attempt-01-qa.json,docs/art-source/one-frame-method-fullrun-20260625/sugar-glider/prompts/frame-54-attempt-01-prompt.txt,accepted,
2026-06-25T00:52:48.315867+00:00,55,ear groom B,1,/Users/kyota/.codex/generated_images/019efbfb-45fb-70b1-94a2-4c1ec2ce71c7/ig_0df1fb5d046e3ef7016a3c7b91b7208191bb3db0a062418a1e.png,docs/art-source/one-frame-method-fullrun-20260625/sugar-glider/raw/frame-55-attempt-01-raw.png,docs/art-source/one-frame-method-fullrun-20260625/sugar-glider/alpha/frame-55-attempt-01-alpha.png,docs/art-source/one-frame-method-fullrun-20260625/sugar-glider/frames/frame-55-attempt-01.png,docs/art-source/one-frame-method-fullrun-20260625/sugar-glider/contact/frame-55-attempt-01-contact.png,docs/art-source/one-frame-method-fullrun-20260625/sugar-glider/qa/frame-55-attempt-01-qa.json,docs/art-source/one-frame-method-fullrun-20260625/sugar-glider/prompts/frame-55-attempt-01-prompt.txt,accepted,
2026-06-25T00:57:01.191915+00:00,56,gliding membrane stretch A,1,/Users/kyota/.codex/generated_images/019efbfb-45fb-70b1-94a2-4c1ec2ce71c7/ig_02b5e746f1109259016a3c7c8d1728819192bcb0064bf4d2dd.png,docs/art-source/one-frame-method-fullrun-20260625/sugar-glider/raw/frame-56-attempt-01-raw.png,docs/art-source/one-frame-method-fullrun-20260625/sugar-glider/alpha/frame-56-attempt-01-alpha.png,docs/art-source/one-frame-method-fullrun-20260625/sugar-glider/frames/frame-56-attempt-01.png,docs/art-source/one-frame-method-fullrun-20260625/sugar-glider/contact/frame-56-attempt-01-contact.png,docs/art-source/one-frame-method-fullrun-20260625/sugar-glider/qa/frame-56-attempt-01-qa.json,docs/art-source/one-frame-method-fullrun-20260625/sugar-glider/prompts/frame-56-attempt-01-prompt.txt,accepted,
2026-06-25T00:59:36.133280+00:00,57,gliding membrane stretch B,1,/Users/kyota/.codex/generated_images/019efbfb-45fb-70b1-94a2-4c1ec2ce71c7/ig_04736820026aa1ba016a3c7d1f547481918497196c38b5e44a.png,docs/art-source/one-frame-method-fullrun-20260625/sugar-glider/raw/frame-57-attempt-01-raw.png,docs/art-source/one-frame-method-fullrun-20260625/sugar-glider/alpha/frame-57-attempt-01-alpha.png,docs/art-source/one-frame-method-fullrun-20260625/sugar-glider/frames/frame-57-attempt-01.png,docs/art-source/one-frame-method-fullrun-20260625/sugar-glider/contact/frame-57-attempt-01-contact.png,docs/art-source/one-frame-method-fullrun-20260625/sugar-glider/qa/frame-57-attempt-01-qa.json,docs/art-source/one-frame-method-fullrun-20260625/sugar-glider/prompts/frame-57-attempt-01-prompt.txt,accepted,
2026-06-25T01:03:14.534747+00:00,58,startle reaction with membrane visible,1,/Users/kyota/.codex/generated_images/019efbfb-45fb-70b1-94a2-4c1ec2ce71c7/ig_0f8da809edd17854016a3c7de672808191ad54b5bf40877bb2.png,docs/art-source/one-frame-method-fullrun-20260625/sugar-glider/raw/frame-58-attempt-01-raw.png,docs/art-source/one-frame-method-fullrun-20260625/sugar-glider/alpha/frame-58-attempt-01-alpha.png,docs/art-source/one-frame-method-fullrun-20260625/sugar-glider/frames/frame-58-attempt-01.png,docs/art-source/one-frame-method-fullrun-20260625/sugar-glider/contact/frame-58-attempt-01-contact.png,docs/art-source/one-frame-method-fullrun-20260625/sugar-glider/qa/frame-58-attempt-01-qa.json,docs/art-source/one-frame-method-fullrun-20260625/sugar-glider/prompts/frame-58-attempt-01-prompt.txt,accepted,
2026-06-25T01:06:02.965783+00:00,59,"recoil crouch, tail arced",1,/Users/kyota/.codex/generated_images/019efbfb-45fb-70b1-94a2-4c1ec2ce71c7/ig_0d3270cfeb51d2bd016a3c7ea857e8819186b14e3515b089f1.png,docs/art-source/one-frame-method-fullrun-20260625/sugar-glider/raw/frame-59-attempt-01-raw.png,docs/art-source/one-frame-method-fullrun-20260625/sugar-glider/alpha/frame-59-attempt-01-alpha.png,docs/art-source/one-frame-method-fullrun-20260625/sugar-glider/frames/frame-59-attempt-01.png,docs/art-source/one-frame-method-fullrun-20260625/sugar-glider/contact/frame-59-attempt-01-contact.png,docs/art-source/one-frame-method-fullrun-20260625/sugar-glider/qa/frame-59-attempt-01-qa.json,docs/art-source/one-frame-method-fullrun-20260625/sugar-glider/prompts/frame-59-attempt-01-prompt.txt,accepted,
2026-06-25T01:10:19.283978+00:00,60,half spread membrane side view,1,/Users/kyota/.codex/generated_images/019efbfb-45fb-70b1-94a2-4c1ec2ce71c7/ig_0ec8b4296e2b0a5c016a3c7fadaf908191a98aa76fbb176201.png,docs/art-source/one-frame-method-fullrun-20260625/sugar-glider/raw/frame-60-attempt-01-raw.png,docs/art-source/one-frame-method-fullrun-20260625/sugar-glider/alpha/frame-60-attempt-01-alpha.png,docs/art-source/one-frame-method-fullrun-20260625/sugar-glider/frames/frame-60-attempt-01.png,docs/art-source/one-frame-method-fullrun-20260625/sugar-glider/contact/frame-60-attempt-01-contact.png,docs/art-source/one-frame-method-fullrun-20260625/sugar-glider/qa/frame-60-attempt-01-qa.json,docs/art-source/one-frame-method-fullrun-20260625/sugar-glider/prompts/frame-60-attempt-01-prompt.txt,accepted,
2026-06-25T01:13:26.716809+00:00,61,settle after reaction,1,/Users/kyota/.codex/generated_images/019efbfb-45fb-70b1-94a2-4c1ec2ce71c7/ig_015e7ad4189f2f27016a3c80690efc8191a67e69a288e0e79a.png,docs/art-source/one-frame-method-fullrun-20260625/sugar-glider/raw/frame-61-attempt-01-raw.png,docs/art-source/one-frame-method-fullrun-20260625/sugar-glider/alpha/frame-61-attempt-01-alpha.png,docs/art-source/one-frame-method-fullrun-20260625/sugar-glider/frames/frame-61-attempt-01.png,docs/art-source/one-frame-method-fullrun-20260625/sugar-glider/contact/frame-61-attempt-01-contact.png,docs/art-source/one-frame-method-fullrun-20260625/sugar-glider/qa/frame-61-attempt-01-qa.json,docs/art-source/one-frame-method-fullrun-20260625/sugar-glider/prompts/frame-61-attempt-01-prompt.txt,accepted,
